year,region,citizenship,immigration,population,immigration_ratio,citizenship_ratio
1981,Aargau,819,5774,64611,0.08936558790298865,0.012675860147652877
1981,Appenzell Ausserrhoden,69,692,5239,0.13208627600687153,0.013170452376407711
1981,Appenzell Innerrhoden,3,114,897,0.12709030100334448,0.0033444816053511705
1981,Basel-Landschaft,591,2871,30135,0.09527127924340469,0.019611747137879543
1981,Basel-Stadt,251,3768,35433,0.10634154601642537,0.007083791945361668
1981,Bern,858,7592,68593,0.1106818480019827,0.012508565013922704
1981,Fribourg,275,2172,13581,0.15992931301082394,0.020248877107724026
1981,Genève,2036,8813,113027,0.07797251984039212,0.018013395029506225
1981,Glarus,63,718,5771,0.12441517934500086,0.010916652226650494
1981,Graubünden,284,2906,15829,0.18358708699222945,0.017941752479626004
1981,Jura,129,632,6045,0.10454921422663359,0.021339950372208438
1981,Luzern,372,2999,24408,0.1228695509668961,0.015240904621435595
1981,Neuchâtel,404,2150,26647,0.08068450482230645,0.015161181371261306
1981,Nidwalden,45,206,1439,0.14315496872828354,0.03127171646977067
1981,No indication,0,0,0,,
1981,Obwalden,6,293,1595,0.18369905956112853,0.003761755485893417
1981,Schaffhausen,190,948,10692,0.08866442199775533,0.017770295548073325
1981,Schwyz,89,1005,8383,0.11988548252415603,0.010616724323034713
1981,Solothurn,344,2610,25488,0.10240112994350282,0.01349654739485248
1981,St. Gallen,746,5878,48976,0.12001796798431885,0.015231950343025154
1981,Switzerland,14299,92937,913497,0.10173760833368911,0.015653034437989398
1981,Thurgau,378,2780,27005,0.1029438992779115,0.013997407887428254
1981,Ticino,1856,5036,65914,0.0764025851867585,0.02815790272172831
1981,Uri,9,331,1883,0.17578332448220924,0.004779607010090282
1981,Valais,413,2872,18725,0.15337783711615488,0.02205607476635514
1981,Vaud,1359,11546,100544,0.1148352959898154,0.013516470401018459
1981,Zug,148,938,10125,0.09264197530864197,0.014617283950617285
1981,Zürich,2562,17293,182512,0.09474993425089857,0.014037433155080214
1982,Aargau,979,5176,66052,0.07836250227093805,0.014821655665233453
1982,Appenzell Ausserrhoden,48,580,5443,0.10655888296895094,0.008818666176740767
1982,Appenzell Innerrhoden,13,140,891,0.15712682379349047,0.014590347923681257
1982,Basel-Landschaft,654,2256,30373,0.07427649557172489,0.021532281960952162
1982,Basel-Stadt,480,3595,36103,0.09957621250311609,0.013295294019887544
1982,Bern,829,6938,70020,0.09908597543558983,0.011839474435875463
1982,Fribourg,185,2029,13991,0.14502179972839682,0.013222786076763634
1982,Genève,1411,10123,113962,0.08882785489900143,0.012381320089152525
1982,Glarus,54,533,5895,0.0904156064461408,0.00916030534351145
1982,Graubünden,259,2586,15990,0.16172607879924952,0.016197623514696686
1982,Jura,71,489,6046,0.08087992060866689,0.011743301356268608
1982,Luzern,464,2550,25349,0.10059568424789933,0.018304469604323644
1982,Neuchâtel,344,2101,26679,0.07875107762659769,0.012894036508114997
1982,Nidwalden,41,159,1427,0.11142256482130343,0.028731604765241767
1982,No indication,0,0,0,,
1982,Obwalden,30,240,1698,0.1413427561837456,0.0176678445229682
1982,Schaffhausen,177,670,11024,0.060776487663280115,0.01605587808417997
1982,Schwyz,76,990,8702,0.11376695012640772,0.008733624454148471
1982,Solothurn,342,1895,26261,0.07216023761471384,0.013023114123605347
1982,St. Gallen,705,5042,50678,0.09949090335056632,0.013911361932199377
1982,Switzerland,12723,86725,930593,0.09319326493966751,0.013671927469903599
1982,Thurgau,339,2381,27903,0.0853313263806759,0.012149231265455328
1982,Ticino,1204,4495,66097,0.06800611222899677,0.01821565275277244
1982,Uri,6,367,1939,0.18927282104177412,0.0030943785456420837
1982,Valais,240,3058,19247,0.15888190367329974,0.012469475762456488
1982,Vaud,963,11271,102490,0.10997170455654211,0.009396038637915894
1982,Zug,155,825,10401,0.07931929622151716,0.014902413229497164
1982,Zürich,2654,16236,185932,0.08732224684293183,0.014274035668954242
1983,Aargau,1048,4059,66839,0.06072801807328057,0.01567946857373689
1983,Appenzell Ausserrhoden,75,463,5633,0.08219421267530623,0.01331439730161548
1983,Appenzell Innerrhoden,11,116,925,0.1254054054054054,0.011891891891891892
1983,Basel-Landschaft,645,1691,30227,0.05594336189499454,0.021338538392827604
1983,Basel-Stadt,645,3872,36710,0.10547534731680741,0.017570144374829746
1983,Bern,941,5334,71106,0.07501476668635558,0.013233763676764267
1983,Fribourg,207,1534,14347,0.10692130759043703,0.01442810343625845
1983,Genève,1326,9045,117114,0.07723244018648497,0.011322301347405092
1983,Glarus,36,353,6010,0.05873544093178037,0.005990016638935108
1983,Graubünden,240,1834,16323,0.11235679715738528,0.014703179562580408
1983,Jura,78,366,6123,0.05977462028417443,0.012738853503184714
1983,Luzern,300,2143,25970,0.08251829033500192,0.011551790527531768
1983,Neuchâtel,265,1542,26614,0.05793943037499061,0.009957165401668295
1983,Nidwalden,32,156,1479,0.10547667342799188,0.021636240703177823
1983,No indication,0,0,0,,
1983,Obwalden,41,176,1750,0.10057142857142858,0.023428571428571427
1983,Schaffhausen,181,477,11042,0.04319869588842601,0.01639195797862706
1983,Schwyz,97,763,9079,0.08404009252120277,0.010683996034805595
1983,Solothurn,263,1400,26386,0.05305844008186159,0.009967406958235428
1983,St. Gallen,612,3794,51840,0.07318672839506173,0.011805555555555555
1983,Switzerland,11831,69145,946931,0.0730201038935255,0.012494046556718494
1983,Thurgau,329,1632,28436,0.057392038261358844,0.011569841046560697
1983,Ticino,799,2847,66711,0.0426766200476683,0.011977035271544423
1983,Uri,18,182,2089,0.08712302537099091,0.00861656294877932
1983,Valais,257,2847,20251,0.14058565009135351,0.012690731321910028
1983,Vaud,1120,10274,104489,0.09832613959364143,0.010718831647350439
1983,Zug,161,708,10638,0.06655386350817823,0.015134423763865389
1983,Zürich,2104,11537,188800,0.06110699152542373,0.011144067796610169
1984,Aargau,800,3428,66533,0.05152330422497107,0.012024108337216118
1984,Appenzell Ausserrhoden,66,449,5658,0.0793566631318487,0.01166489925768823
1984,Appenzell Innerrhoden,7,103,975,0.10564102564102563,0.0071794871794871795
1984,Basel-Landschaft,508,1758,29772,0.05904877065699315,0.017063012226252856
1984,Basel-Stadt,535,3086,36363,0.08486648516349037,0.014712757473255782
1984,Bern,819,5515,70999,0.07767715038239975,0.011535373737658276
1984,Fribourg,172,1662,14399,0.11542468226960205,0.011945273977359538
1984,Genève,1391,10015,119035,0.08413491830133994,0.011685638677699835
1984,Glarus,45,403,5970,0.06750418760469011,0.007537688442211055
1984,Graubünden,218,1823,16126,0.1130472528835421,0.01351854148579933
1984,Jura,84,379,6047,0.06267570696212998,0.013891185711923267
1984,Luzern,337,2218,26359,0.08414583254296445,0.012785007018475663
1984,Neuchâtel,307,1843,26155,0.07046453832919136,0.01173771745364175
1984,Nidwalden,58,144,1525,0.09442622950819672,0.0380327868852459
1984,No indication,0,0,0,,
1984,Obwalden,25,197,1715,0.11486880466472303,0.014577259475218658
1984,Schaffhausen,154,413,10863,0.03801896345392617,0.014176562643836878
1984,Schwyz,74,655,9296,0.07046041308089501,0.007960413080895009
1984,Solothurn,248,1462,26000,0.05623076923076923,0.009538461538461539
1984,St. Gallen,578,3710,52245,0.0710115800555077,0.011063259642071012
1984,Switzerland,11850,69998,946587,0.07394777236535047,0.012518659140681206
1984,Thurgau,280,1800,28112,0.06402959590210586,0.0099601593625498
1984,Ticino,966,2742,66137,0.04145939489242028,0.014606045027745438
1984,Uri,9,195,1972,0.09888438133874239,0.004563894523326572
1984,Valais,242,2952,21013,0.14048446199971446,0.011516680150383096
1984,Vaud,1033,10314,105436,0.09782237565916764,0.009797412648431276
1984,Zug,136,754,10743,0.0701852368984455,0.012659406124918551
1984,Zürich,2758,11978,187139,0.06400589935823105,0.014737708334446587
1985,Aargau,958,4240,66194,0.06405414388010998,0.01447261081064749
1985,Appenzell Ausserrhoden,49,515,5662,0.09095725891910986,0.008654185800070647
1985,Appenzell Innerrhoden,8,113,980,0.11530612244897959,0.00816326530612245
1985,Basel-Landschaft,593,1763,29654,0.05945235044176165,0.019997302218924935
1985,Basel-Stadt,777,3018,36336,0.08305812417437253,0.021383751651254952
1985,Bern,831,5473,71359,0.07669670258832102,0.011645342563657003
1985,Fribourg,233,1915,14719,0.1301039472790271,0.01582987974726544
1985,Genève,1853,9455,121416,0.07787276800421691,0.01526158002240232
1985,Glarus,42,406,6071,0.06687530884533026,0.006918135397792785
1985,Graubünden,234,1985,16206,0.12248549919782796,0.014439096630877453
1985,Jura,87,432,6049,0.07141676310133907,0.014382542569019673
1985,Luzern,325,2314,26959,0.08583404428947661,0.012055343299083794
1985,Neuchâtel,313,1809,26294,0.06879896554347,0.011903856393093482
1985,Nidwalden,41,155,1519,0.10204081632653061,0.026991441737985518
1985,No indication,0,0,0,,
1985,Obwalden,21,205,1713,0.11967308814944541,0.012259194395796848
1985,Schaffhausen,172,474,10731,0.04417109309477216,0.01602832913987513
1985,Schwyz,86,769,9478,0.08113526060350285,0.00907364422874024
1985,Solothurn,268,1367,25933,0.052712759804110595,0.010334323063278448
1985,St. Gallen,680,4013,52677,0.07618125557643754,0.012908859654118495
1985,Switzerland,14393,72356,953406,0.0758921173141348,0.01509640174280422
1985,Thurgau,385,1750,28145,0.06217800675075502,0.013679161485166104
1985,Ticino,1353,2941,66088,0.04450127103256264,0.02047270306258322
1985,Uri,31,160,2007,0.07972097658196313,0.015445939212755356
1985,Valais,260,3542,21921,0.1615802198804799,0.011860772774964647
1985,Vaud,1327,10837,107451,0.10085527356655592,0.01234981526463225
1985,Zug,237,813,10971,0.07410445720535959,0.021602406343997814
1985,Zürich,3229,11892,186873,0.06363680146409594,0.017279114692866276
1986,Aargau,971,4369,66234,0.06596310052239031,0.014660144336745479
1986,Appenzell Ausserrhoden,70,461,5721,0.08058031812620171,0.012235623142807201
1986,Appenzell Innerrhoden,6,125,987,0.12664640324214793,0.0060790273556231
1986,Basel-Landschaft,627,1751,29530,0.05929563156112428,0.02123264476803251
1986,Basel-Stadt,582,3009,36119,0.08330795426229962,0.016113402918131733
1986,Bern,1107,6222,71749,0.08671897866172351,0.015428786463922843
1986,Fribourg,277,1975,15195,0.12997696610727213,0.018229680816057914
1986,Genève,1965,9289,122930,0.07556332872366388,0.01598470674367526
1986,Glarus,56,414,6114,0.06771344455348381,0.009159306509649984
1986,Graubünden,234,2204,16372,0.1346200830686538,0.014292694844857073
1986,Jura,128,414,6076,0.06813693219223173,0.02106649111257406
1986,Luzern,434,2748,27646,0.09939955147218404,0.015698473558561816
1986,Neuchâtel,361,2276,26675,0.08532333645735708,0.013533270852858482
1986,Nidwalden,17,214,1561,0.13709160794362588,0.010890454836643177
1986,No indication,0,0,0,,
1986,Obwalden,16,203,1762,0.1152099886492622,0.009080590238365494
1986,Schaffhausen,160,560,10610,0.0527803958529689,0.015080113100848256
1986,Schwyz,78,777,9688,0.08020231213872832,0.00805119735755574
1986,Solothurn,300,1554,25985,0.0598037329228401,0.011545122185876467
1986,St. Gallen,571,4127,53452,0.07720945895382773,0.010682481478709871
1986,Switzerland,14416,79686,960678,0.08294766820932717,0.015006068630696237
1986,Thurgau,363,2055,28359,0.07246376811594203,0.012800169258436475
1986,Ticino,1366,3360,65952,0.050946142649199416,0.020712032993692384
1986,Uri,31,150,2023,0.07414730598121602,0.01532377656945131
1986,Valais,353,4221,23103,0.1827035449941566,0.015279400943600398
1986,Vaud,1457,13233,109099,0.12129350406511517,0.013354842849155354
1986,Zug,199,797,11190,0.0712243074173369,0.017783735478105453
1986,Zürich,2687,13178,186546,0.07064209363910241,0.014403953984540006
1987,Aargau,759,5334,67041,0.07956325233812145,0.01132143016959771
1987,Appenzell Ausserrhoden,86,466,5777,0.08066470486411632,0.014886619352605159
1987,Appenzell Innerrhoden,11,115,949,0.12118018967334036,0.011591148577449948
1987,Basel-Landschaft,428,1858,29484,0.06301722968389635,0.014516347849681184
1987,Basel-Stadt,393,3008,36378,0.082687338501292,0.010803232723074386
1987,Bern,713,7353,72843,0.10094312425353157,0.009788174567219912
1987,Fribourg,234,2353,15726,0.14962482513035738,0.014879816863792446
1987,Genève,2178,9232,124619,0.07408180133045522,0.01747727072115809
1987,Glarus,37,444,6231,0.07125662012518055,0.005938051677098379
1987,Graubünden,182,2038,16661,0.12232158934037572,0.010923714062781345
1987,Jura,104,449,6037,0.07437468941527249,0.01722709955275799
1987,Luzern,285,2907,28467,0.10211824217515017,0.010011592370112761
1987,Neuchâtel,311,2321,27604,0.08408201709897116,0.01126648311838864
1987,Nidwalden,37,229,1660,0.13795180722891567,0.022289156626506025
1987,No indication,0,0,0,,
1987,Obwalden,22,207,1769,0.11701526286037309,0.01243640474844545
1987,Schaffhausen,131,533,10655,0.05002346316283435,0.012294697325199437
1987,Schwyz,101,889,9908,0.08972547436415018,0.010193782801776342
1987,Solothurn,234,1729,26291,0.06576394964056141,0.00890038416188049
1987,St. Gallen,579,4754,54673,0.08695334077149598,0.010590236496991203
1987,Switzerland,12370,83927,976958,0.08590645657233985,0.01266175209169688
1987,Thurgau,283,2448,28841,0.08487916507749385,0.009812419819007663
1987,Ticino,1325,3175,66018,0.04809294434851101,0.020070283861977036
1987,Uri,37,156,2031,0.07680945347119646,0.018217626784835055
1987,Valais,237,4031,24786,0.1626321310417171,0.009561849431130478
1987,Vaud,1332,12293,112860,0.10892255892255892,0.011802232854864434
1987,Zug,144,937,11460,0.08176265270506108,0.012565445026178011
1987,Zürich,2187,14668,188189,0.07794291908666287,0.011621295612389672
1988,Aargau,754,5083,68857,0.07381965522750047,0.010950230187199558
1988,Appenzell Ausserrhoden,81,549,5844,0.09394250513347023,0.013860369609856264
1988,Appenzell Innerrhoden,3,125,941,0.13283740701381508,0.003188097768331562
1988,Basel-Landschaft,301,2125,29803,0.07130154682414522,0.010099654397208335
1988,Basel-Stadt,376,3257,36805,0.08849341122130146,0.010216003260426572
1988,Bern,756,8081,74952,0.10781566869463123,0.010086455331412104
1988,Fribourg,352,2743,16615,0.16509178453204934,0.02118567559434246
1988,Genève,1877,14121,126370,0.11174329350320487,0.014853208831209939
1988,Glarus,52,434,6330,0.06856240126382307,0.008214849921011059
1988,Graubünden,233,2496,16664,0.1497839654344695,0.013982237157945271
1988,Jura,86,455,6004,0.07578281145902732,0.014323784143904063
1988,Luzern,352,3224,29586,0.10897045900087879,0.011897519096870141
1988,Neuchâtel,357,2346,28470,0.08240252897787144,0.012539515279241307
1988,Nidwalden,14,212,1728,0.12268518518518519,0.008101851851851851
1988,No indication,0,0,0,,
1988,Obwalden,20,235,1767,0.13299377475947935,0.011318619128466326
1988,Schaffhausen,121,554,10818,0.05121094472176003,0.011185061933814014
1988,Schwyz,68,1141,10249,0.11132793443262758,0.0066347936384037465
1988,Solothurn,213,1845,26778,0.0688998431548286,0.0079542908357607
1988,St. Gallen,527,5261,56202,0.09360876837123235,0.009376890502117362
1988,Switzerland,11356,95973,999688,0.09600295292131145,0.011359544177783468
1988,Thurgau,262,2497,29860,0.08362357669122572,0.008774279973208305
1988,Ticino,858,3481,66009,0.05273523307427775,0.01299822751442985
1988,Uri,20,227,2016,0.11259920634920635,0.00992063492063492
1988,Valais,301,4170,26418,0.1578469225528049,0.011393746687864335
1988,Vaud,964,14305,116379,0.12291736481667655,0.00828328134800952
1988,Zug,153,976,11858,0.08230730308652387,0.012902681733850565
1988,Zürich,2255,16030,192365,0.08333116731214098,0.011722506693005485
1989,Aargau,622,6046,70223,0.08609714765817467,0.008857496831522435
1989,Appenzell Ausserrhoden,42,537,5979,0.08981435022579026,0.007024586051179127
1989,Appenzell Innerrhoden,18,172,1011,0.17012858555885263,0.017804154302670624
1989,Basel-Landschaft,385,2198,30356,0.07240743180919752,0.012682830412439056
1989,Basel-Stadt,223,3554,37456,0.09488466467321657,0.005953652285348142
1989,Bern,736,9273,77458,0.11971649151798394,0.00950192362312479
1989,Fribourg,325,3351,17618,0.19020320127142695,0.01844704279713929
1989,Genève,1874,12477,132559,0.0941241258609374,0.0141371012153079
1989,Glarus,51,532,6443,0.0825702312587304,0.0079155672823219
1989,Graubünden,133,2530,17010,0.14873603762492651,0.007818930041152264
1989,Jura,88,580,6041,0.09601059427247144,0.014567124648237046
1989,Luzern,260,3061,30962,0.0988631225373038,0.00839739034946063
1989,Neuchâtel,278,2816,29050,0.09693631669535284,0.009569707401032702
1989,Nidwalden,30,202,1765,0.11444759206798867,0.0169971671388102
1989,No indication,0,0,0,,
1989,Obwalden,21,296,1795,0.1649025069637883,0.0116991643454039
1989,Schaffhausen,123,731,10877,0.06720603107474488,0.011308265146639698
1989,Schwyz,122,1117,10846,0.10298727641526831,0.011248386501936198
1989,Solothurn,162,1961,27404,0.07155889651145818,0.005911545759743103
1989,St. Gallen,475,5161,58485,0.08824484910660853,0.008121740617252286
1989,Switzerland,10342,99352,1032714,0.09620475756114472,0.010014389269439554
1989,Thurgau,240,2759,30986,0.08904021170851352,0.007745433421545214
1989,Ticino,1071,3776,66650,0.05665416354088522,0.01606901725431358
1989,Uri,10,200,2094,0.09551098376313276,0.004775549188156638
1989,Valais,258,5347,28276,0.1891002970717216,0.009124345734898854
1989,Vaud,996,13764,121974,0.11284372079295588,0.008165674651975012
1989,Zug,129,910,12189,0.0746574780539831,0.010583312823037165
1989,Zürich,1670,16001,197207,0.08113809347538374,0.00846825924029066
1990,Aargau,552,6897,72625,0.09496729776247849,0.007600688468158348
1990,Appenzell Ausserrhoden,69,816,6104,0.13368283093053734,0.011304062909567496
1990,Appenzell Innerrhoden,11,158,1122,0.1408199643493761,0.00980392156862745
1990,Basel-Landschaft,265,2622,30928,0.08477754785307812,0.008568287635799275
1990,Basel-Stadt,255,5600,38678,0.14478514918041263,0.00659289518589379
1990,Bern,630,12220,80630,0.1515564926206127,0.007813468932159246
1990,Fribourg,146,3813,19531,0.19522809891966617,0.007475295683784753
1990,Genève,1305,14180,134205,0.10565925263589285,0.009723929808874482
1990,Glarus,24,569,6633,0.08578320518619026,0.003618272274988693
1990,Graubünden,143,2837,17403,0.16301787048210079,0.008216974084927886
1990,Jura,87,796,6168,0.12905317769131,0.014105058365758755
1990,Luzern,256,4569,32322,0.14135882680527195,0.007920301961512282
1990,Neuchâtel,276,3635,30387,0.11962352321716524,0.009082831473985586
1990,Nidwalden,19,347,1807,0.19203099059214168,0.010514665190924184
1990,No indication,0,0,0,,
1990,Obwalden,30,348,1907,0.1824855794441531,0.015731515469323543
1990,Schaffhausen,96,869,11258,0.07718955409486587,0.008527269497246403
1990,Schwyz,94,1653,11361,0.14549775547927118,0.008273919549335446
1990,Solothurn,189,2906,28171,0.10315572752120976,0.006709027013595542
1990,St. Gallen,427,6278,60676,0.10346759839145626,0.0070373788647900325
1990,Switzerland,8658,122779,1066139,0.11516228184129837,0.008120892303911591
1990,Thurgau,160,3323,32269,0.10297809042734513,0.004958319129814993
1990,Ticino,798,4527,67492,0.06707461625081491,0.011823623540567771
1990,Uri,12,253,2153,0.11751045053413842,0.00557361820715281
1990,Valais,209,5688,30900,0.18407766990291263,0.006763754045307443
1990,Vaud,899,18302,126507,0.14467183634107203,0.00710632613215079
1990,Zug,108,1179,12561,0.09386195366610939,0.008598041557200859
1990,Zürich,1598,18394,202341,0.09090594590320301,0.00789755907107309
1991,Aargau,584,9110,76389,0.11925800835198785,0.007645079788974852
1991,Appenzell Ausserrhoden,39,907,6455,0.1405112316034082,0.006041828040278854
1991,Appenzell Innerrhoden,11,195,1135,0.17180616740088106,0.009691629955947136
1991,Basel-Landschaft,266,2646,32028,0.08261521168977146,0.008305232921193955
1991,Basel-Stadt,307,5495,41674,0.13185679320439603,0.0073667034601910064
1991,Bern,707,12538,87700,0.14296465222348917,0.008061573546180159
1991,Fribourg,179,4301,21576,0.1993418613274008,0.008296255098257323
1991,Genève,1131,14357,137802,0.10418571573707203,0.008207428048939784
1991,Glarus,51,732,6902,0.10605621558968414,0.007389162561576354
1991,Graubünden,165,3462,18349,0.18867513215979073,0.00899231565752902
1991,Jura,86,1007,6603,0.152506436468272,0.01302438285627745
1991,Luzern,231,4858,35479,0.13692606894219114,0.006510893768144536
1991,Neuchâtel,224,3619,32463,0.11148076271447493,0.006900163262791486
1991,Nidwalden,28,411,1981,0.20747097425542654,0.014134275618374558
1991,No indication,0,0,0,,
1991,Obwalden,25,505,2051,0.2462213554363725,0.01218917601170161
1991,Schaffhausen,97,1052,11808,0.08909214092140921,0.008214769647696477
1991,Schwyz,87,1869,12540,0.14904306220095695,0.006937799043062201
1991,Solothurn,177,3622,30003,0.12072126120721262,0.0058994100589941
1991,St. Gallen,510,7407,64607,0.11464701967279087,0.007893881467952389
1991,Switzerland,8757,133100,1127109,0.11808973222643063,0.007769434899375305
1991,Thurgau,237,3663,34335,0.10668414154652686,0.00690257754477938
1991,Ticino,914,4505,69840,0.06450458190148912,0.013087056128293242
1991,Uri,28,343,2275,0.15076923076923077,0.012307692307692308
1991,Valais,195,6619,33935,0.19504935906880802,0.005746279652276411
1991,Vaud,1048,17654,135906,0.12989860638971054,0.007711212161346813
1991,Zug,114,1348,13215,0.10200529701097238,0.008626560726447218
1991,Zürich,1316,20875,210058,0.09937731483685458,0.006264936350912605
1992,Aargau,780,8026,82870,0.09685048871726801,0.009412332569084107
1992,Appenzell Ausserrhoden,61,843,7023,0.12003417343015806,0.008685746831838245
1992,Appenzell Innerrhoden,12,213,1228,0.1734527687296417,0.009771986970684038
1992,Basel-Landschaft,317,2553,33194,0.07691149002831837,0.009549918659998794
1992,Basel-Stadt,318,4930,44247,0.11141998327570231,0.007186927927317106
1992,Bern,1024,11416,93676,0.1218668602416841,0.01093129510226739
1992,Fribourg,297,4036,23963,0.16842632391603723,0.012394107582523056
1992,Genève,1299,13863,140551,0.09863323633414206,0.009242196782662521
1992,Glarus,35,634,7321,0.08660019123070618,0.004780767654691982
1992,Graubünden,177,3935,20117,0.19560570661629467,0.008798528607645274
1992,Jura,74,997,7160,0.13924581005586592,0.010335195530726256
1992,Luzern,466,5662,38812,0.14588271668556116,0.012006595898175822
1992,Neuchâtel,271,3082,34498,0.08933851237752913,0.007855527856687344
1992,Nidwalden,27,520,2227,0.23349797934440952,0.012123933542882801
1992,No indication,0,0,0,,
1992,Obwalden,18,557,2357,0.23631735256682224,0.007636826474331778
1992,Schaffhausen,163,961,12552,0.0765615041427661,0.01298597833014659
1992,Schwyz,111,2173,13962,0.15563672826242658,0.007950150408250967
1992,Solothurn,239,3053,32707,0.09334393249151558,0.007307304246797322
1992,St. Gallen,616,8120,69356,0.11707710940654018,0.008881711748082357
1992,Switzerland,11133,131891,1192964,0.11055740156450655,0.009332217904312285
1992,Thurgau,308,3147,36900,0.08528455284552845,0.00834688346883469
1992,Ticino,1011,6065,71679,0.08461334561029032,0.014104549449629598
1992,Uri,22,330,2458,0.13425549227013833,0.008950366151342554
1992,Valais,302,6718,37780,0.17781895182636315,0.00799364743250397
1992,Vaud,1094,16964,143004,0.11862605241811418,0.007650135660540964
1992,Zug,156,1388,13961,0.09941981233436001,0.01117398467158513
1992,Zürich,1935,21705,219361,0.09894648547371684,0.008821075760960244
1993,Aargau,704,7281,86750,0.08393083573487031,0.008115273775216139
1993,Appenzell Ausserrhoden,47,700,7526,0.09301089556205155,0.006245017273452033
1993,Appenzell Innerrhoden,8,189,1394,0.13558106169296988,0.005738880918220947
1993,Basel-Landschaft,335,2762,34273,0.0805882181308902,0.009774458028185452
1993,Basel-Stadt,492,4520,46494,0.09721684518432486,0.010582010582010581
1993,Bern,939,10323,97146,0.1062627385584584,0.009665863751466865
1993,Fribourg,238,4013,25939,0.15470912525540692,0.00917537299047766
1993,Genève,1461,14045,142602,0.09849090475589403,0.010245298102410906
1993,Glarus,39,606,7563,0.08012693375644586,0.005156683855612852
1993,Graubünden,240,3667,22183,0.16530676644277148,0.010819095703917415
1993,Jura,92,771,7657,0.10069217709285622,0.012015149536371948
1993,Luzern,521,5039,42351,0.11898184222332413,0.01230195272838894
1993,Neuchâtel,302,2696,35090,0.076831005984611,0.008606440581362212
1993,Nidwalden,45,500,2570,0.19455252918287938,0.017509727626459144
1993,No indication,0,0,0,,
1993,Obwalden,19,556,2589,0.21475473155658556,0.007338740826573967
1993,Schaffhausen,175,994,12964,0.07667386609071274,0.013498920086393088
1993,Schwyz,122,2135,15544,0.1373520329387545,0.007848687596500257
1993,Solothurn,179,3007,34096,0.08819216330361333,0.005249882684185829
1993,St. Gallen,635,6996,73610,0.09504143458769189,0.008626545306344246
1993,Switzerland,12898,122454,1243582,0.0984687780942471,0.010371652211112737
1993,Thurgau,289,3939,38213,0.10308010362965483,0.00756287127417371
1993,Ticino,1014,5483,74591,0.07350752771782118,0.013594133340483436
1993,Uri,29,314,2651,0.11844586948321388,0.01093926820067899
1993,Valais,350,6420,40893,0.15699508473332843,0.008558922064901083
1993,Vaud,1378,14187,146685,0.09671745577257389,0.009394280260421993
1993,Zug,169,1399,14707,0.09512477051744067,0.011491126674372748
1993,Zürich,3076,19912,227501,0.08752489000048351,0.013520819688704664
1994,Aargau,768,5461,91275,0.05983018351136675,0.008414133114215284
1994,Appenzell Ausserrhoden,51,522,7833,0.06664113366526235,0.0065109153581003444
1994,Appenzell Innerrhoden,15,141,1488,0.09475806451612903,0.010080645161290322
1994,Basel-Landschaft,301,2228,37911,0.05876922265305584,0.007939648123236
1994,Basel-Stadt,498,3895,48113,0.0809552511795149,0.010350632885083033
1994,Bern,987,8586,99249,0.08650968775504035,0.009944684581204849
1994,Fribourg,338,3171,28227,0.11233924965458604,0.011974350798880505
1994,Genève,2012,13044,145356,0.0897382976966895,0.013841877872258455
1994,Glarus,40,498,7866,0.06331045003813883,0.005085176709890669
1994,Graubünden,229,3516,24046,0.14621974548781502,0.009523413457539716
1994,Jura,89,714,7868,0.09074733096085409,0.011311642094560244
1994,Luzern,396,4173,45316,0.09208668020125342,0.008738635360579046
1994,Neuchâtel,348,2184,36009,0.060651503790718986,0.009664250604015663
1994,Nidwalden,67,500,2791,0.17914725904693657,0.024005732712289504
1994,No indication,0,0,0,,
1994,Obwalden,18,418,2979,0.14031554212823094,0.006042296072507553
1994,Schaffhausen,237,833,13551,0.061471478119695964,0.017489484170909897
1994,Schwyz,132,1827,17034,0.10725607608312786,0.007749207467418105
1994,Solothurn,213,2418,35348,0.0684055675002829,0.0060258006110671045
1994,St. Gallen,595,6433,77237,0.08328909719434986,0.007703561764439323
1994,Switzerland,13739,107650,1291762,0.08333578476530507,0.010635860166191604
1994,Thurgau,392,2836,40583,0.06988147746593401,0.009659216913485943
1994,Ticino,961,5434,77278,0.07031755480214291,0.012435622039907866
1994,Uri,17,307,2824,0.10871104815864023,0.0060198300283286115
1994,Valais,380,4884,43755,0.11162152896811793,0.008684721746086161
1994,Vaud,1406,14329,149634,0.0957603218519855,0.009396260208241443
1994,Zug,132,1385,15609,0.08873086040105067,0.008456659619450317
1994,Zürich,3117,17913,232582,0.07701799795340998,0.013401724983016743
1995,Aargau,1627,5099,93919,0.05429146392103834,0.017323438281923786
1995,Appenzell Ausserrhoden,51,424,7856,0.0539714867617108,0.006491853360488798
1995,Appenzell Innerrhoden,21,136,1501,0.09060626249167222,0.013990672884743505
1995,Basel-Landschaft,449,2092,38871,0.05381904247382367,0.011551027758483188
1995,Basel-Stadt,568,3256,49281,0.06607008786347679,0.01152574014326008
1995,Bern,1031,6885,102518,0.0671589379426052,0.010056770518347998
1995,Fribourg,714,2868,29811,0.0962060984200463,0.023950890610848343
1995,Genève,2064,12365,147709,0.08371189297876229,0.013973420712346573
1995,Glarus,59,319,8095,0.0394070413835701,0.007288449660284126
1995,Graubünden,299,2271,25692,0.08839327417094815,0.01163786392651409
1995,Jura,74,581,8069,0.07200396579501797,0.009170900979055645
1995,Luzern,473,3528,47332,0.07453731091016648,0.009993239246175949
1995,Neuchâtel,362,1967,36396,0.05404440048356962,0.009946147928343774
1995,Nidwalden,74,447,3018,0.1481113320079523,0.024519549370444003
1995,No indication,0,0,0,,
1995,Obwalden,42,345,3164,0.10903919089759798,0.01327433628318584
1995,Schaffhausen,160,727,13887,0.05235111975228631,0.011521566933102903
1995,Schwyz,141,1261,18160,0.06943832599118943,0.00776431718061674
1995,Solothurn,350,2204,36060,0.06112035496394897,0.009706045479755962
1995,St. Gallen,763,4543,80513,0.056425670388632894,0.009476730465887496
1995,Switzerland,16790,90957,1332493,0.06826077135114406,0.01260044142821013
1995,Thurgau,362,2394,42032,0.05695660449181576,0.008612485725161781
1995,Ticino,981,4731,80560,0.058726415094339623,0.012177259185700099
1995,Uri,23,306,3040,0.1006578947368421,0.007565789473684211
1995,Valais,284,3937,45191,0.08711911663826868,0.006284437166692483
1995,Vaud,1537,11451,153454,0.07462171074067799,0.010016030862668944
1995,Zug,235,1053,16706,0.06303124625882917,0.014066802346462348
1995,Zürich,4046,15767,239658,0.0657895834898063,0.01688239074013803
1996,Aargau,1363,3847,96701,0.03978242210525227,0.014094993847012958
1996,Appenzell Ausserrhoden,64,337,7891,0.042706881257128376,0.008110505639335953
1996,Appenzell Innerrhoden,4,105,1516,0.06926121372031663,0.002638522427440633
1996,Basel-Landschaft,581,1889,39694,0.04758905628054618,0.01463697284224316
1996,Basel-Stadt,691,3587,49818,0.07200208759885984,0.01387048857842547
1996,Bern,978,6426,104944,0.06123265741728922,0.009319255984143925
1996,Fribourg,443,2755,30186,0.09126747498840522,0.014675677466375141
1996,Genève,2235,9599,150121,0.06394175365205401,0.014887990354447413
1996,Glarus,141,276,8188,0.033707865168539325,0.017220322423058133
1996,Graubünden,381,2045,25784,0.07931275209432206,0.014776605646912815
1996,Jura,88,373,8205,0.045460085313833026,0.010725167580743449
1996,Luzern,965,2795,49255,0.05674550807024668,0.019591919602070854
1996,Neuchâtel,577,1806,37287,0.0484351114329391,0.015474562179848205
1996,Nidwalden,43,305,3269,0.09330070357907617,0.013153869684918936
1996,No indication,0,0,0,,
1996,Obwalden,13,269,3264,0.08241421568627451,0.003982843137254902
1996,Schaffhausen,228,610,14274,0.042735042735042736,0.015973097940311057
1996,Schwyz,125,821,18800,0.04367021276595745,0.006648936170212766
1996,Solothurn,522,1523,37274,0.04085958040457155,0.014004399849761227
1996,St. Gallen,969,3378,82206,0.04109189110283921,0.011787460769286913
1996,Switzerland,19159,74359,1363590,0.054531787414105415,0.014050411047308942
1996,Thurgau,278,1523,43468,0.03503726879543572,0.006395509340204288
1996,Ticino,1281,2595,82783,0.03134701569162751,0.015474191561069302
1996,Uri,25,246,3183,0.07728557964184732,0.007854225573358466
1996,Valais,462,3058,46180,0.06621914248592464,0.010004330879168471
1996,Vaud,1603,9347,155950,0.05993587688361655,0.010278935556268035
1996,Zug,292,969,17298,0.05601803676725633,0.016880564227078274
1996,Zürich,4807,13875,246051,0.05639074825950718,0.019536600135744216
1997,Aargau,1535,3349,97325,0.03441048034934498,0.015771898278962238
1997,Appenzell Ausserrhoden,101,321,7835,0.04097000638162093,0.012890874282067645
1997,Appenzell Innerrhoden,2,54,1533,0.03522504892367906,0.001304631441617743
1997,Basel-Landschaft,583,1700,40480,0.04199604743083004,0.014402173913043478
1997,Basel-Stadt,837,2459,50538,0.04865645652776129,0.01656179508488662
1997,Bern,1128,6066,106235,0.057099825857768155,0.010617969595707629
1997,Fribourg,507,2254,31250,0.072128,0.016224
1997,Genève,2415,10975,148089,0.07411083875237189,0.016307760873528757
1997,Glarus,97,197,7990,0.0246558197747184,0.01214017521902378
1997,Graubünden,306,1621,25695,0.06308620354154505,0.011908931698774081
1997,Jura,97,346,8201,0.04218997683209365,0.011827825874893306
1997,Luzern,862,2623,49764,0.052708785467406156,0.017321758701069046
1997,Neuchâtel,554,1681,36941,0.04550499445061043,0.014996886927803795
1997,Nidwalden,41,330,3319,0.0994275384151853,0.012353118409159385
1997,No indication,0,0,0,,
1997,Obwalden,24,260,3228,0.080545229244114,0.007434944237918215
1997,Schaffhausen,284,530,14345,0.036946671314046706,0.01979783896828163
1997,Schwyz,118,728,18932,0.03845341221212761,0.0062328332981195856
1997,Solothurn,358,1316,38032,0.0346024400504838,0.009413125788809424
1997,St. Gallen,677,3066,83268,0.03682086756016717,0.008130374213383293
1997,Switzerland,19169,69604,1369494,0.050824611133747206,0.013997140549721284
1997,Thurgau,599,1280,43716,0.02927989752035868,0.01370207704273035
1997,Ticino,1140,2489,81463,0.030553748327461546,0.013994083203417503
1997,Uri,20,152,3204,0.04744069912609238,0.006242197253433208
1997,Valais,381,2771,46064,0.06015543591524835,0.008271101076762764
1997,Vaud,1806,9456,156601,0.060382756176525054,0.01153249340681094
1997,Zug,228,964,17482,0.055142432215993596,0.013041986042786866
1997,Zürich,4469,12616,247964,0.05087835330935136,0.01802277749995967
1998,Aargau,1171,3476,97532,0.03563958495673215,0.012006315875815117
1998,Appenzell Ausserrhoden,90,307,7711,0.03981325379328232,0.011671637919854753
1998,Appenzell Innerrhoden,12,74,1532,0.048302872062663184,0.007832898172323759
1998,Basel-Landschaft,558,1692,40951,0.0413176723401138,0.013626040878122634
1998,Basel-Stadt,975,2499,50774,0.04921810375388978,0.019202741560641272
1998,Bern,1249,6240,106959,0.058340111631559756,0.011677371703175983
1998,Fribourg,490,2218,31519,0.07037025286335226,0.015546178495510644
1998,Genève,2719,11244,149203,0.07536041500506022,0.01822349416566691
1998,Glarus,121,240,7787,0.030820598433286245,0.015538718376781816
1998,Graubünden,354,1418,25365,0.05590380445495762,0.013956238911886458
1998,Jura,124,372,8231,0.04519499453286357,0.015064998177621188
1998,Luzern,705,2427,50239,0.04830908258524254,0.014032922629829416
1998,Neuchâtel,665,1843,36910,0.04993226767813601,0.01801679761582227
1998,Nidwalden,79,289,3427,0.08433031806244529,0.02305223227312518
1998,No indication,0,0,0,,
1998,Obwalden,39,231,3393,0.0680813439434129,0.011494252873563218
1998,Schaffhausen,210,534,14272,0.03741591928251121,0.014714125560538117
1998,Schwyz,151,730,19107,0.03820589312817292,0.007902862825142618
1998,Solothurn,393,1277,38506,0.0331636628057965,0.010206201630914662
1998,St. Gallen,1002,3200,83932,0.03812610208263833,0.011938235714626126
1998,Switzerland,21277,72202,1375158,0.05250451220877892,0.015472403898315685
1998,Thurgau,511,1238,43337,0.02856681357731269,0.011791309966079794
1998,Ticino,1482,2401,81158,0.02958426772468518,0.018260676704699476
1998,Uri,43,135,3138,0.043021032504780114,0.013702995538559592
1998,Valais,508,2652,46057,0.0575808237618603,0.011029810886510194
1998,Vaud,2220,10910,157296,0.06935967856779575,0.014113518462007934
1998,Zug,206,1037,17689,0.05862400361806772,0.011645655492113743
1998,Zürich,5200,13518,249133,0.054260174284418365,0.020872385432680537
1999,Aargau,1325,4096,98757,0.04147554097431068,0.013416770456777747
1999,Appenzell Ausserrhoden,82,380,7576,0.0501583949313622,0.01082365364308342
1999,Appenzell Innerrhoden,27,82,1523,0.05384110308601445,0.01772816808929744
1999,Basel-Landschaft,494,2160,41789,0.05168824331761947,0.011821292684677786
1999,Basel-Stadt,502,2609,50263,0.051906969341264944,0.009987465929212343
1999,Bern,1349,7164,108208,0.06620582581694515,0.012466730740795505
1999,Fribourg,433,2301,32133,0.07160862664550462,0.013475243519123643
1999,Genève,2745,12392,149923,0.08265576329182314,0.01830939882473003
1999,Glarus,96,278,7669,0.03624983700612857,0.012517929325857349
1999,Graubünden,285,1483,24976,0.059377001921844974,0.011410954516335682
1999,Jura,92,365,8281,0.04407680231856056,0.011109769351527594
1999,Luzern,765,3175,50329,0.06308490134912277,0.015199984104591786
1999,Neuchâtel,675,1968,36841,0.05341874541950544,0.018321978230775495
1999,Nidwalden,65,281,3458,0.08126084441873915,0.018796992481203006
1999,No indication,0,0,0,,
1999,Obwalden,28,275,3381,0.0813368825791186,0.008281573498964804
1999,Schaffhausen,220,647,14301,0.0452415914970981,0.015383539612614502
1999,Schwyz,126,947,19240,0.04922037422037422,0.006548856548856549
1999,Solothurn,299,1570,38989,0.0402677678319526,0.007668829669906897
1999,St. Gallen,1112,3918,84955,0.04611853334118062,0.013089282561356013
1999,Switzerland,20363,83677,1383645,0.06047577232599402,0.014716925222871474
1999,Thurgau,526,1438,42995,0.03344574950575648,0.012233980695429702
1999,Ticino,2076,3361,80399,0.041804002537344995,0.025821216681799524
1999,Uri,44,158,3003,0.052614052614052616,0.014652014652014652
1999,Valais,359,2864,45611,0.06279187038214466,0.007870908333516037
1999,Vaud,1242,11544,159454,0.07239705495001693,0.007789080236306396
1999,Zug,173,1146,18075,0.06340248962655602,0.009571230982019363
1999,Zürich,5223,17075,251516,0.06788832519601139,0.020766074524085944
2000,Aargau,1796,3998,100626,0.039731282173593306,0.017848269830858823
2000,Appenzell Ausserrhoden,96,350,7567,0.04625346901017576,0.01268666578564821
2000,Appenzell Innerrhoden,20,96,1537,0.062459336369551074,0.013012361743656473
2000,Basel-Landschaft,712,1989,43021,0.04623323493177751,0.016550056948931916
2000,Basel-Stadt,983,2921,50634,0.057688509697041514,0.019413832602599043
2000,Bern,2111,7281,110577,0.06584551941181259,0.019090769328160468
2000,Fribourg,560,2331,32856,0.07094594594594594,0.01704407109812515
2000,Genève,4715,13003,152364,0.08534168176209603,0.030945630201359903
2000,Glarus,92,246,7674,0.03205629397967162,0.01198853270784467
2000,Graubünden,301,1650,24792,0.06655372700871248,0.012141013230074217
2000,Jura,107,379,8280,0.04577294685990338,0.012922705314009662
2000,Luzern,1254,3337,51376,0.06495250700716287,0.02440828402366864
2000,Neuchâtel,484,2213,36832,0.06008362293657689,0.013140747176368376
2000,Nidwalden,104,289,3542,0.0815923207227555,0.029361942405420668
2000,No indication,0,0,0,,
2000,Obwalden,38,284,3484,0.08151549942594719,0.010907003444316877
2000,Schaffhausen,324,672,14447,0.04651484737315706,0.022426801412057867
2000,Schwyz,204,880,19675,0.04472681067344346,0.01036848792884371
2000,Solothurn,537,1537,39768,0.038649165157915916,0.013503319251659625
2000,St. Gallen,1136,3472,86679,0.04005583820763968,0.01310582724766091
2000,Switzerland,28700,84200,1406630,0.05985938022081144,0.02040337544343573
2000,Thurgau,713,1392,43040,0.03234200743494424,0.016565985130111524
2000,Ticino,2403,3064,80327,0.03814408604827767,0.029915221531987998
2000,Uri,56,184,2961,0.06214116852414725,0.018912529550827423
2000,Valais,536,2903,45857,0.06330549316353011,0.011688509933052751
2000,Vaud,2245,11259,162609,0.06923970997915245,0.013806123892281485
2000,Zug,300,1374,18618,0.07379954882371899,0.016113438607798906
2000,Zürich,6873,17096,257487,0.06639558501982624,0.026692609723986065
2001,Aargau,1280,5319,101817,0.05224078493768231,0.012571574491489634
2001,Appenzell Ausserrhoden,275,381,7479,0.05094263939029282,0.036769621607166736
2001,Appenzell Innerrhoden,43,112,1549,0.07230471271788251,0.02775984506132989
2001,Basel-Landschaft,757,2753,43595,0.06314944374354857,0.017364376648698245
2001,Basel-Stadt,1124,3647,50813,0.07177297148367544,0.022120323539251766
2001,Bern,2037,9185,110946,0.08278802300218124,0.01836028338110432
2001,Fribourg,727,2751,33034,0.08327783495792214,0.02200762850396561
2001,Genève,4244,13683,153321,0.08924413485432524,0.027680487343547198
2001,Glarus,129,348,7565,0.04600132187706543,0.0170522141440846
2001,Graubünden,343,1867,24289,0.07686607106097411,0.014121618839804027
2001,Jura,169,512,8259,0.06199297735803366,0.020462525729507203
2001,Luzern,753,4352,51448,0.08459026589954906,0.014636137459182087
2001,Neuchâtel,653,2425,36854,0.0658001845118576,0.017718565148966192
2001,Nidwalden,75,345,3490,0.0988538681948424,0.02148997134670487
2001,No indication,0,0,0,,
2001,Obwalden,71,342,3458,0.0989010989010989,0.0205320994794679
2001,Schaffhausen,384,793,14406,0.05504650839927808,0.026655560183256977
2001,Schwyz,207,1358,19483,0.06970179130524047,0.010624647128265668
2001,Solothurn,368,2142,39980,0.0535767883941971,0.009204602301150576
2001,St. Gallen,1416,4443,87499,0.050777723173979133,0.01618304209190962
2001,Switzerland,27583,99746,1412937,0.07059479651251259,0.019521747961869496
2001,Thurgau,440,1923,42676,0.04506045552535383,0.010310244633986316
2001,Ticino,1667,3369,78724,0.042795081550734214,0.021175245160306895
2001,Uri,64,155,2836,0.05465444287729196,0.022566995768688293
2001,Valais,541,3378,45175,0.07477587161040399,0.011975650249031545
2001,Vaud,2339,12059,163970,0.07354394096481064,0.01426480453741538
2001,Zug,466,1559,19181,0.0812783483655701,0.024294875136854178
2001,Zürich,7011,20545,261090,0.07868934084032327,0.026852809376077216
2002,Aargau,2262,5255,105743,0.04969596096195493,0.021391486906934737
2002,Appenzell Ausserrhoden,255,451,7265,0.062078458362009634,0.03509979353062629
2002,Appenzell Innerrhoden,40,80,1515,0.052805280528052806,0.026402640264026403
2002,Basel-Landschaft,933,2553,45318,0.05633523103402621,0.02058784588905071
2002,Basel-Stadt,1443,4102,51644,0.07942839439237859,0.02794129037255054
2002,Bern,4720,9167,114651,0.07995569162065748,0.04116841545211119
2002,Fribourg,819,3256,34149,0.0953468622800082,0.02398313274180796
2002,Genève,3026,14032,155082,0.09048116480313641,0.01951225803123509
2002,Glarus,231,385,7645,0.050359712230215826,0.030215827338129497
2002,Graubünden,529,2819,24210,0.1164394878149525,0.02185047501032631
2002,Jura,275,407,8350,0.04874251497005988,0.03293413173652695
2002,Luzern,1596,4298,53332,0.08058951473786845,0.029925748143703593
2002,Neuchâtel,651,2219,37699,0.05886097774476776,0.01726836255603597
2002,Nidwalden,94,349,3623,0.09632900910847364,0.025945349158156224
2002,No indication,0,0,0,,
2002,Obwalden,123,376,3543,0.10612475303415185,0.03471634208298052
2002,Schaffhausen,301,919,14556,0.06313547677933498,0.02067875790052212
2002,Schwyz,266,1198,20374,0.058800431923039166,0.013055855502110534
2002,Solothurn,516,1822,41643,0.04375285161972,0.012391038109646278
2002,St. Gallen,1726,4287,89614,0.04783850737607963,0.019260383422233133
2002,Switzerland,36515,105014,1447553,0.07254587569505228,0.025225328537193458
2002,Thurgau,980,2365,43347,0.0545597157819457,0.02260825431979145
2002,Ticino,2633,4141,78891,0.052490144629932435,0.03337516319985803
2002,Uri,79,309,2756,0.11211901306240929,0.028664731494920173
2002,Valais,594,4107,45773,0.08972538395997641,0.01297708255958753
2002,Vaud,4174,14730,167376,0.08800544880986522,0.02493786444890546
2002,Zug,448,1503,19794,0.07593210063655653,0.022633121147822573
2002,Zürich,7801,19884,269660,0.07373729882073722,0.028929021731068753
2003,Aargau,2124,4499,108426,0.04149373766439784,0.019589397377012895
2003,Appenzell Ausserrhoden,281,362,7257,0.04988287171007303,0.03872123466997382
2003,Appenzell Innerrhoden,46,86,1487,0.05783456624075319,0.03093476798924008
2003,Basel-Landschaft,1171,2114,46513,0.045449659235052564,0.025175757315159204
2003,Basel-Stadt,1248,3856,52989,0.07276982015135217,0.02355205797429655
2003,Bern,3182,8028,115884,0.06927617272444858,0.027458492975734355
2003,Fribourg,1023,3163,35740,0.08850027979854505,0.028623391158365978
2003,Genève,4259,15212,158193,0.09616101850271504,0.02692280947955978
2003,Glarus,173,437,7642,0.057183983250457995,0.022638052865741953
2003,Graubünden,1099,2991,25167,0.11884610799856955,0.0436682957841618
2003,Jura,204,420,8285,0.05069402534701267,0.024622812311406155
2003,Luzern,1219,3159,54056,0.058439396181737456,0.02255068817522569
2003,Neuchâtel,940,2068,38067,0.05432526860535372,0.024693303911524418
2003,Nidwalden,154,326,3679,0.08861103560750204,0.04185920086980158
2003,No indication,0,0,0,,
2003,Obwalden,70,309,3602,0.08578567462520821,0.01943364797334814
2003,Schaffhausen,367,759,14991,0.05063037822693616,0.02448135547995464
2003,Schwyz,215,1029,20963,0.04908648571292277,0.010256165625149073
2003,Solothurn,461,1412,42688,0.03307721139430285,0.010799287856071964
2003,St. Gallen,1695,4228,91045,0.0464385743313746,0.01861716733483442
2003,Switzerland,35424,98812,1476966,0.06690201399355164,0.023984302956195337
2003,Thurgau,822,2480,44100,0.05623582766439909,0.018639455782312925
2003,Ticino,1973,4021,78997,0.050900667113941034,0.024975631986024784
2003,Uri,81,199,2861,0.0695560992659909,0.028311779098217405
2003,Valais,646,4579,47121,0.09717535705948516,0.013709386473122387
2003,Vaud,2818,15461,171214,0.09030219491396732,0.016458934432931886
2003,Zug,470,1383,20302,0.06812136735297016,0.023150428529208945
2003,Zürich,8683,16231,275697,0.05887260289375655,0.031494720653471024
2004,Aargau,2184,4353,110717,0.03931645546754338,0.019725968008526242
2004,Appenzell Ausserrhoden,229,306,7115,0.04300773014757554,0.032185523541813074
2004,Appenzell Innerrhoden,38,85,1466,0.05798090040927694,0.02592087312414734
2004,Basel-Landschaft,1351,2168,46979,0.04614827901828476,0.02875752996019498
2004,Basel-Stadt,1272,4218,53898,0.07825893354113325,0.023600133585661806
2004,Bern,4255,8796,117094,0.07511913505388833,0.03633832647274839
2004,Fribourg,884,3067,37043,0.08279566989714655,0.023864157870582835
2004,Genève,3745,14169,160344,0.08836626253554856,0.023356034525769596
2004,Glarus,158,306,7786,0.039301310043668124,0.02029283329052145
2004,Graubünden,1077,2924,25802,0.1133245484846136,0.04174095031392915
2004,Jura,151,369,8262,0.044662309368191724,0.018276446381021546
2004,Luzern,1266,3404,54189,0.06281717691782465,0.023362675081658638
2004,Neuchâtel,898,2096,38116,0.054990030433413786,0.023559659985308005
2004,Nidwalden,130,337,3676,0.09167573449401524,0.03536452665941241
2004,No indication,0,0,0,,
2004,Obwalden,99,307,3719,0.08254907233127184,0.026620059155687013
2004,Schaffhausen,348,764,15250,0.0500983606557377,0.02281967213114754
2004,Schwyz,120,1099,21515,0.0510806414129677,0.005577504066930049
2004,Solothurn,456,1469,43464,0.03379808577213326,0.010491441192711209
2004,St. Gallen,1791,4236,92634,0.045728350281754,0.01933415376643565
2004,Switzerland,35685,100834,1500907,0.06718204392410722,0.023775623672885795
2004,Thurgau,943,2140,45163,0.047383920465868076,0.02087992383145495
2004,Ticino,1930,4111,79353,0.051806484947008936,0.02432170176300833
2004,Uri,48,268,2866,0.09351011863224006,0.01674808094905792
2004,Valais,617,4684,48795,0.09599344195101957,0.012644738190388359
2004,Vaud,2994,16046,177252,0.09052648207072417,0.016891205740978944
2004,Zug,492,1510,20726,0.07285535076715237,0.023738299720158257
2004,Zürich,8209,17602,277683,0.0633888282682051,0.029562486720469024
2005,Aargau,1918,4304,112527,0.03824859811423036,0.017044798137335927
2005,Appenzell Ausserrhoden,480,340,7000,0.04857142857142857,0.06857142857142857
2005,Appenzell Innerrhoden,47,93,1462,0.06361149110807114,0.032147742818057455
2005,Basel-Landschaft,1321,2166,47082,0.04600484261501211,0.028057431714880423
2005,Basel-Stadt,1268,3968,54755,0.0724682677381061,0.02315770249292302
2005,Bern,3937,8010,118423,0.06763888771606867,0.03324523107842227
2005,Fribourg,715,2914,38301,0.07608156445001436,0.018667919897652804
2005,Genève,4232,14192,161523,0.08786364790153724,0.026200603010097634
2005,Glarus,239,279,7769,0.03591195778092419,0.030763289998712834
2005,Graubünden,562,2790,26221,0.10640326455894131,0.021433202395026888
2005,Jura,308,413,8246,0.0500848896434635,0.03735144312393888
2005,Luzern,1242,3261,54536,0.05979536452985184,0.0227739474842306
2005,Neuchâtel,1117,2639,38453,0.06862923569032325,0.02904844875562375
2005,Nidwalden,109,287,3737,0.0767995718490768,0.02916778164302917
2005,No indication,0,0,0,,
2005,Obwalden,74,275,3712,0.07408405172413793,0.01993534482758621
2005,Schaffhausen,223,699,15292,0.04571017525503531,0.014582788386084226
2005,Schwyz,395,1325,22068,0.060041689323907924,0.017899220590900853
2005,Solothurn,787,1649,44145,0.037354173745611056,0.01782761354626798
2005,St. Gallen,2395,4313,93545,0.04610615211930087,0.025602651130471964
2005,Switzerland,38437,99091,1524663,0.06499206709941803,0.02521016119627747
2005,Thurgau,1054,2088,45425,0.04596587782058338,0.023203082003302147
2005,Ticino,1509,4272,79875,0.05348356807511737,0.018892018779342722
2005,Uri,106,270,2934,0.09202453987730061,0.03612815269256987
2005,Valais,649,4909,50628,0.09696215532906692,0.01281899344236391
2005,Vaud,4107,14743,183447,0.08036653638380567,0.02238793766046869
2005,Zug,643,1643,21412,0.07673267326732673,0.030029889781430973
2005,Zürich,9000,17249,282145,0.0611352318843148,0.03189849191018802
2006,Aargau,3664,5320,114482,0.046470187453049386,0.032005031358641536
2006,Appenzell Ausserrhoden,226,350,6653,0.05260784608447317,0.03396963775740267
2006,Appenzell Innerrhoden,46,101,1452,0.06955922865013774,0.03168044077134986
2006,Basel-Landschaft,1179,2225,47296,0.04704414749661705,0.024928112313937753
2006,Basel-Stadt,1121,4494,54809,0.0819938331295955,0.020452845335620064
2006,Bern,5802,8612,118712,0.07254531976548285,0.04887458723633668
2006,Fribourg,675,2989,39692,0.07530484732439786,0.017005945782525445
2006,Genève,6489,15347,162835,0.09424877943930973,0.03985015506494304
2006,Glarus,292,315,7594,0.04148011588095865,0.03845140900711088
2006,Graubünden,480,2818,26652,0.10573315323427886,0.018009905447996397
2006,Jura,236,452,8097,0.05582314437445968,0.029146597505248856
2006,Luzern,1640,3734,54804,0.06813371286767389,0.02992482300562003
2006,Neuchâtel,1121,2410,38758,0.06218071107900305,0.028923061045461582
2006,Nidwalden,75,351,3762,0.09330143540669857,0.019936204146730464
2006,No indication,0,0,0,,
2006,Obwalden,56,401,3765,0.10650730411686588,0.014873837981407702
2006,Schaffhausen,311,805,15456,0.052083333333333336,0.020121635610766044
2006,Schwyz,458,1287,22671,0.056768558951965066,0.020202020202020204
2006,Solothurn,576,1750,44623,0.0392174439190552,0.012908141541357596
2006,St. Gallen,2037,4871,93693,0.05198894261044048,0.021741218660945857
2006,Switzerland,46711,107177,1541912,0.06950915486746326,0.03029420615443683
2006,Thurgau,1046,2310,45643,0.05061017023420897,0.022916986175317136
2006,Ticino,1918,4624,80911,0.057149213333168546,0.023705058644683665
2006,Uri,57,272,2969,0.09161333782418322,0.019198383294038397
2006,Valais,939,4965,52839,0.09396468517572248,0.01777096462839948
2006,Vaud,4279,16509,186640,0.08845370767252464,0.022926489498499784
2006,Zug,494,1648,21899,0.07525457783460432,0.022558107676149595
2006,Zürich,11494,18217,285205,0.06387335425395768,0.04030083624059887
2007,Aargau,2395,6551,115404,0.05676579667949118,0.020753180132404424
2007,Appenzell Ausserrhoden,183,697,6600,0.1056060606060606,0.02772727272727273
2007,Appenzell Innerrhoden,19,121,1430,0.08461538461538462,0.013286713286713287
2007,Basel-Landschaft,1118,2774,47621,0.058251611683920956,0.0234770374414649
2007,Basel-Stadt,2049,5761,55588,0.10363747571418291,0.036860473483485645
2007,Bern,4301,10948,117709,0.0930090307453126,0.03653926207851566
2007,Fribourg,844,4473,41112,0.10880035026269702,0.020529285853278848
2007,Genève,5083,18321,161701,0.11330171118298588,0.0314345613199671
2007,Glarus,291,422,7406,0.05698082635700783,0.03929246556845801
2007,Graubünden,375,3303,27087,0.12194041422084395,0.013844279543692547
2007,Jura,225,596,8053,0.07400968583136719,0.02793989817459332
2007,Luzern,1572,5108,55448,0.0921223488674073,0.02835088731784735
2007,Neuchâtel,1218,2998,38923,0.07702386763610204,0.03129255196156514
2007,Nidwalden,92,475,3859,0.12308888313034465,0.023840373153666754
2007,No indication,0,0,0,,
2007,Obwalden,113,447,3974,0.11248112732762959,0.02843482637141419
2007,Schaffhausen,322,1423,15650,0.09092651757188498,0.02057507987220447
2007,Schwyz,460,2023,23051,0.08776191922259338,0.019955750292828943
2007,Solothurn,671,2537,45311,0.055990819006422284,0.014808766083291033
2007,St. Gallen,2593,7582,94718,0.0800481429084229,0.027376000337844972
2007,Switzerland,43889,143855,1554527,0.09253940266074503,0.028233025222463168
2007,Thurgau,929,3359,45975,0.07306144643828168,0.02020663404023926
2007,Ticino,2559,6020,81606,0.07376908560645051,0.031357988383207115
2007,Uri,88,295,2959,0.09969584319026699,0.02973977695167286
2007,Valais,895,6063,54344,0.11156705432062418,0.01646915942882379
2007,Vaud,5950,18759,191114,0.09815607438492209,0.031133250311332503
2007,Zug,536,2854,22406,0.1273765955547621,0.023922163706150138
2007,Zürich,9008,29945,285478,0.10489424754271783,0.0315540952367608
2008,Aargau,2994,8808,118407,0.07438749398261928,0.02528566723251159
2008,Appenzell Ausserrhoden,165,702,6959,0.10087656272452938,0.023710303204483404
2008,Appenzell Innerrhoden,30,143,1510,0.09470198675496688,0.019867549668874173
2008,Basel-Landschaft,1250,3027,48719,0.06213181715552454,0.02565734107842936
2008,Basel-Stadt,1828,5772,56106,0.10287669767939257,0.03258118561294692
2008,Bern,4499,11923,119930,0.09941632619027767,0.03751354957058284
2008,Fribourg,1176,4057,43838,0.09254528035038095,0.026826041334002463
2008,Genève,3693,20962,163951,0.1278552738318156,0.022525022720202986
2008,Glarus,215,474,7314,0.06480721903199343,0.0293956795187312
2008,Graubünden,576,3846,28008,0.1373179091688089,0.02056555269922879
2008,Jura,262,685,8195,0.0835875533862111,0.03197071384990848
2008,Luzern,1692,5738,57268,0.10019557169798142,0.029545295802193196
2008,Neuchâtel,667,3014,39654,0.07600746456851767,0.016820497301659354
2008,Nidwalden,88,485,4046,0.1198714780029659,0.021749876421156698
2008,No indication,0,0,0,,
2008,Obwalden,68,458,4043,0.11328221617610686,0.016819193668068267
2008,Schaffhausen,344,1399,16323,0.08570728420020829,0.02107455737303192
2008,Schwyz,533,2070,24262,0.08531860522627978,0.02196851042782953
2008,Solothurn,597,2451,46898,0.05226235660369312,0.012729753934069683
2008,St. Gallen,2310,8484,97461,0.08705020469726352,0.02370178840767076
2008,Switzerland,44365,161629,1602093,0.1008861533007135,0.027691900532615773
2008,Thurgau,824,4163,47390,0.08784553703312935,0.017387634522051065
2008,Ticino,2419,6403,82794,0.07733652197019107,0.02921709302606469
2008,Uri,100,385,3046,0.1263952724885095,0.03282994090610637
2008,Valais,727,6475,57061,0.11347505301344175,0.012740751125987979
2008,Vaud,5630,24395,195071,0.12505703051709377,0.028861286403412092
2008,Zug,522,2871,23997,0.1196399549943743,0.021752719089886234
2008,Zürich,11156,32439,299842,0.10818697847533033,0.03720626196463471
2009,Aargau,2011,7530,123983,0.060734132905317664,0.016219965640450706
2009,Appenzell Ausserrhoden,154,528,7279,0.07253743646105235,0.021156752301140266
2009,Appenzell Innerrhoden,26,96,1565,0.06134185303514377,0.016613418530351438
2009,Basel-Landschaft,1075,2914,50247,0.05799351205047067,0.02139431209823472
2009,Basel-Stadt,1203,5687,57382,0.09910773413265483,0.020964762469066953
2009,Bern,3030,10039,123649,0.08118949607356307,0.024504848401523668
2009,Fribourg,734,3662,46066,0.07949463812790344,0.01593366040029523
2009,Genève,3916,19467,170094,0.11444848142791633,0.023022563994026832
2009,Glarus,129,447,7430,0.06016150740242261,0.017362045760430687
2009,Graubünden,539,3573,29619,0.12063202673959283,0.018197778453020022
2009,Jura,141,490,8440,0.058056872037914695,0.016706161137440757
2009,Luzern,1793,4629,59735,0.07749225747049468,0.030015903574119027
2009,Neuchâtel,2146,2427,40593,0.05978863350824034,0.052866257729165124
2009,Nidwalden,118,344,4303,0.0799442249593307,0.02742272832907274
2009,No indication,0,0,0,,
2009,Obwalden,131,425,4276,0.09939195509822264,0.030636108512628626
2009,Schaffhausen,470,1116,17012,0.06560075241006348,0.027627557018575125
2009,Schwyz,593,1423,25675,0.05542356377799416,0.023096397273612464
2009,Solothurn,982,2166,48321,0.04482523126590923,0.02032242710208812
2009,St. Gallen,1895,6269,101181,0.06195827279825264,0.018728812721756062
2009,Switzerland,43440,138269,1669715,0.08280994061860857,0.02601641597518139
2009,Thurgau,887,3256,49869,0.06529106258397001,0.01778660089434318
2009,Ticino,2189,5633,84462,0.06669271388316639,0.02591698041722905
2009,Uri,80,362,3217,0.11252719925396332,0.024867889337892447
2009,Valais,1211,6036,60557,0.09967468665885033,0.019997688128540053
2009,Vaud,5923,20365,205928,0.09889378812011965,0.02876248009012859
2009,Zug,513,2294,25287,0.09071855103412821,0.020287104045557006
2009,Zürich,11551,27091,313545,0.08640227080642332,0.036840007016536704
2010,Aargau,2450,6730,128757,0.05226900285033047,0.01902809167656904
2010,Appenzell Ausserrhoden,132,481,7350,0.0654421768707483,0.017959183673469388
2010,Appenzell Innerrhoden,37,100,1569,0.06373486297004462,0.023581899298916506
2010,Basel-Landschaft,1062,2629,51696,0.05085499845249149,0.02054317548746518
2010,Basel-Stadt,920,5634,59182,0.09519786421547093,0.01554526714203643
2010,Bern,2753,9196,127082,0.07236272642860515,0.021663178105475207
2010,Fribourg,763,3587,48357,0.07417747172074364,0.01577848088177513
2010,Genève,3042,20041,175478,0.1142080488722233,0.017335506445252398
2010,Glarus,191,453,7613,0.05950348088795481,0.025088664127150925
2010,Graubünden,497,3325,30933,0.10749038243946595,0.016066983480425436
2010,Jura,200,463,8623,0.053693610112489853,0.023193784065870346
2010,Luzern,1941,4743,60997,0.0777579225207797,0.031821237110021806
2010,Neuchâtel,1454,2550,39666,0.06428679473604598,0.036656078253416026
2010,Nidwalden,93,417,4379,0.09522722082667276,0.021237725508106875
2010,No indication,0,0,0,,
2010,Obwalden,149,431,4508,0.0956078083407276,0.033052351375332745
2010,Schaffhausen,436,1165,17299,0.06734493323313487,0.02520376900398867
2010,Schwyz,461,1563,26112,0.059857536764705885,0.0176547181372549
2010,Solothurn,642,2190,48889,0.044795352737834686,0.01313178833684469
2010,St. Gallen,2513,5948,103067,0.057710033279323156,0.02438219798771673
2010,Switzerland,39314,139495,1714004,0.08138545767687823,0.02293693596981104
2010,Thurgau,698,3319,51294,0.06470542363629274,0.01360782937575545
2010,Ticino,1576,7238,85339,0.08481468027513799,0.018467523641008215
2010,Uri,53,250,3330,0.07507507507507508,0.015915915915915915
2010,Valais,1671,6050,62794,0.09634678472465522,0.02661082269006593
2010,Vaud,4578,21458,213619,0.10044986635083958,0.021430677982763706
2010,Zug,637,2465,25883,0.09523625545724994,0.024610748367654443
2010,Zürich,10365,27069,320188,0.08454095718765225,0.03237160668107487
2011,Aargau,1822,5000,133998,0.03731398976104121,0.013597217868923418
2011,Appenzell Ausserrhoden,145,514,7513,0.06841474777053108,0.01929988020764009
2011,Appenzell Innerrhoden,28,115,1568,0.07334183673469388,0.017857142857142856
2011,Basel-Landschaft,1041,2306,52991,0.043516823611556676,0.019644845351097357
2011,Basel-Stadt,875,5737,60085,0.0954814013480902,0.014562702837646668
2011,Bern,2886,9167,131700,0.06960516324981017,0.021913439635535308
2011,Fribourg,686,4452,50831,0.08758434813401271,0.013495701442033405
2011,Genève,3120,17159,178991,0.09586515523126861,0.01743104401897302
2011,Glarus,97,635,7877,0.0806144471245398,0.012314332867843088
2011,Graubünden,451,3754,32104,0.11693246947420882,0.014048093695489658
2011,Jura,219,541,8765,0.06172276098117513,0.024985738733599543
2011,Luzern,1867,5098,62890,0.08106217204643028,0.0296867546509779
2011,Neuchâtel,842,2910,39586,0.07351083716465417,0.021270146011216087
2011,Nidwalden,65,374,4671,0.08006850781417256,0.013915649753800044
2011,No indication,0,380,0,inf,
2011,Obwalden,87,412,4764,0.08648194794290512,0.018261964735516372
2011,Schaffhausen,380,993,17651,0.05625743583932922,0.021528525296017224
2011,Schwyz,515,1605,27341,0.05870304670641162,0.01883618009582678
2011,Solothurn,2057,2288,50435,0.045365321701199564,0.04078516902944384
2011,St. Gallen,1795,6733,104539,0.06440658510221066,0.01717062531686739
2011,Switzerland,36012,140508,1766277,0.07955037629998013,0.020388647986697442
2011,Thurgau,728,3702,53533,0.06915360618683802,0.01359908841275475
2011,Ticino,1853,6878,86855,0.07918945368717978,0.021334407921248057
2011,Uri,73,210,3451,0.060851926977687626,0.021153288901767604
2011,Valais,1987,5226,65674,0.07957486981149313,0.0302555044614307
2011,Vaud,4200,21483,220929,0.09723938459867197,0.019010632375106935
2011,Zug,437,2988,26778,0.1115841362312346,0.016319366644260213
2011,Zürich,7756,29848,330757,0.09024147637087046,0.023449239169541385
2012,Aargau,1916,8398,137766,0.06095843676959482,0.013907640491848497
2012,Appenzell Ausserrhoden,149,473,7705,0.06138870863075925,0.019338092147955874
2012,Appenzell Innerrhoden,21,123,1590,0.07735849056603773,0.013207547169811321
2012,Basel-Landschaft,756,3009,54054,0.055666555666555664,0.013986013986013986
2012,Basel-Stadt,863,5976,61666,0.09690915577465703,0.013994745889144747
2012,Bern,2525,9730,134813,0.07217404849680668,0.01872964773426895
2012,Fribourg,703,5207,54330,0.0958402355972759,0.012939444137677157
2012,Genève,2271,17140,181225,0.09457856256035316,0.012531383639122637
2012,Glarus,82,476,8375,0.05683582089552239,0.009791044776119404
2012,Graubünden,487,3958,32884,0.1203624863155334,0.01480963386449337
2012,Jura,221,678,8942,0.07582196376649519,0.024714828897338403
2012,Luzern,1695,4994,64143,0.07785728762296744,0.02642533090126748
2012,Neuchâtel,1039,3428,40498,0.08464615536569707,0.02565558793026816
2012,Nidwalden,66,491,4870,0.10082135523613964,0.013552361396303902
2012,No indication,0,800,0,inf,
2012,Obwalden,90,400,4916,0.08136696501220504,0.018307567127746133
2012,Schaffhausen,251,1319,18189,0.07251635603936445,0.01379954917807466
2012,Schwyz,403,1889,27891,0.06772794091283926,0.014449105446201283
2012,Solothurn,786,2648,50665,0.052264877134116254,0.015513668212770157
2012,St. Gallen,1696,7040,106930,0.0658374637613392,0.015860843542504444
2012,Switzerland,33500,151002,1815994,0.083151155785757,0.018447197512767112
2012,Thurgau,717,4153,55701,0.07455880504838333,0.012872300317768082
2012,Ticino,1668,8335,88344,0.0943470977089559,0.018880738929638687
2012,Uri,27,457,3475,0.13151079136690647,0.00776978417266187
2012,Valais,1686,7046,67234,0.10479816759377696,0.025076598149745666
2012,Vaud,4421,21634,229224,0.0943792971067602,0.019286811154154888
2012,Zug,429,2611,28356,0.09207927775426718,0.015129073212018621
2012,Zürich,8532,28589,342208,0.08354275762109595,0.0249322049747522
2013,Aargau,2517,8509,143252,0.059398821656940215,0.017570435316784407
2013,Appenzell Ausserrhoden,105,529,7836,0.06750893312914752,0.01339969372128637
2013,Appenzell Innerrhoden,13,131,1580,0.08291139240506329,0.008227848101265823
2013,Basel-Landschaft,776,3394,55614,0.061027798755709,0.013953321106196282
2013,Basel-Stadt,1002,6824,62928,0.10844139333841851,0.015922959572845157
2013,Bern,2545,13217,139014,0.09507675485922282,0.018307508596256492
2013,Fribourg,924,5568,58291,0.09552074934380951,0.015851503662658042
2013,Genève,1734,20920,183684,0.1138912480128917,0.009440125432808519
2013,Glarus,77,587,8574,0.06846279449498484,0.008980639141590856
2013,Graubünden,413,4069,33530,0.1213540113331345,0.012317327766179541
2013,Jura,192,867,9220,0.09403470715835141,0.020824295010845987
2013,Luzern,1442,5786,65454,0.08839795887187948,0.022030739145048432
2013,Neuchâtel,818,3878,41902,0.09254928165720014,0.019521741205670375
2013,Nidwalden,74,498,5186,0.09602776706517548,0.014269186270728885
2013,No indication,0,1175,0,inf,
2013,Obwalden,98,437,4984,0.08768057784911718,0.019662921348314606
2013,Schaffhausen,298,1385,18756,0.07384303689486031,0.015888249093623373
2013,Schwyz,532,1951,28974,0.06733623248429627,0.018361289431904466
2013,Solothurn,1196,2897,51840,0.05588348765432099,0.023070987654320987
2013,St. Gallen,1476,7483,109571,0.06829361783683639,0.01347071761688768
2013,Switzerland,34061,167248,1869969,0.08943891583229455,0.01821474045826428
2013,Thurgau,710,4183,58269,0.07178774305376787,0.01218486673874616
2013,Ticino,2187,8853,91332,0.09693207200105111,0.023945605045329128
2013,Uri,99,466,3755,0.12410119840213049,0.02636484687083888
2013,Valais,1614,7540,69598,0.10833644644961062,0.023190321560964396
2013,Vaud,4797,25221,236267,0.10674787422703974,0.02030330092649418
2013,Zug,515,2874,29455,0.09757256832456289,0.017484298081819723
2013,Zürich,7907,28006,351103,0.07976576674081395,0.02252045695992344
2014,Aargau,2240,8606,148444,0.05797472447522298,0.015089865538519577
2014,Appenzell Ausserrhoden,88,510,8046,0.0633855331841909,0.010937111608252548
2014,Appenzell Innerrhoden,25,110,1654,0.06650544135429262,0.015114873035066506
2014,Basel-Landschaft,773,3476,57650,0.06029488291413703,0.013408499566348656
2014,Basel-Stadt,1040,6479,64857,0.09989669580770001,0.016035277610743637
2014,Bern,1976,12452,145540,0.08555723512436443,0.013577023498694517
2014,Fribourg,665,5120,61824,0.08281573498964803,0.010756340579710144
2014,Genève,2197,19116,189798,0.100717605032719,0.011575464441142689
2014,Glarus,92,553,8798,0.06285519436235508,0.010456922027733576
2014,Graubünden,438,3763,34519,0.10901242793823691,0.01268866421391118
2014,Jura,184,761,9753,0.07802727365938686,0.0188659899518097
2014,Luzern,1481,5919,67320,0.08792335115864527,0.021999405822935234
2014,Neuchâtel,1015,3278,43974,0.07454404875608314,0.023081821076090418
2014,Nidwalden,61,539,5478,0.09839357429718876,0.01113545089448704
2014,No indication,0,3,0,inf,
2014,Obwalden,70,418,5093,0.08207343412526998,0.013744354997054781
2014,Schaffhausen,366,1338,19433,0.06885195286368548,0.018833942263160604
2014,Schwyz,419,1815,29686,0.06113993128073839,0.014114397359024457
2014,Solothurn,728,3171,53180,0.05962767957878902,0.013689356901090636
2014,St. Gallen,1872,7822,112625,0.06945172031076581,0.016621531631520532
2014,Switzerland,32836,161149,1937447,0.08317595268412503,0.016948076515125317
2014,Thurgau,784,4155,60844,0.06828939583196371,0.012885411872986655
2014,Ticino,2036,8470,94366,0.08975690396965008,0.021575567471335013
2014,Uri,60,468,3978,0.11764705882352941,0.015082956259426848
2014,Valais,1501,6937,72738,0.09536968297176167,0.020635706233330584
2014,Vaud,4410,22308,245880,0.09072718399219132,0.01793557833089312
2014,Zug,636,2812,30543,0.09206692204433094,0.020823101856399174
2014,Zürich,7679,30750,361426,0.08507965669320967,0.021246396219419744
2015,Aargau,3125,9209,153933,0.05982472894051308,0.020301040062884503
2015,Appenzell Ausserrhoden,99,557,8301,0.06710034935549934,0.011926273942898446
2015,Appenzell Innerrhoden,36,121,1685,0.07181008902077152,0.021364985163204748
2015,Basel-Landschaft,765,3420,59923,0.057073243996462124,0.012766383525524424
2015,Basel-Stadt,981,6194,66306,0.09341537719060115,0.014795041172744548
2015,Bern,2619,12850,151501,0.08481792199391423,0.01728701460716431
2015,Fribourg,1137,4497,64930,0.06925920221777299,0.01751116587093793
2015,Genève,6093,20421,195488,0.1044616549353413,0.031168153543951548
2015,Glarus,76,648,8996,0.07203201422854602,0.008448199199644287
2015,Graubünden,574,3689,35389,0.10424143095312102,0.01621972929441352
2015,Jura,211,774,10126,0.07643689512146948,0.020837448153268812
2015,Luzern,1530,5947,69268,0.08585494023214182,0.022088121499104926
2015,Neuchâtel,955,3010,44752,0.06725956381837683,0.0213398283875581
2015,Nidwalden,57,463,5717,0.08098653139758615,0.009970264124540842
2015,No indication,0,9,0,inf,
2015,Obwalden,54,424,5225,0.08114832535885168,0.010334928229665072
2015,Schaffhausen,352,1267,19875,0.06374842767295598,0.01771069182389937
2015,Schwyz,402,1790,30460,0.0587655942219304,0.013197636244254761
2015,Solothurn,697,3490,54970,0.06348917591413498,0.012679643441877388
2015,St. Gallen,1812,7449,115324,0.06459193229509902,0.015712254170857757
2015,Switzerland,40689,162563,1998459,0.08134417568736711,0.02036018752448762
2015,Thurgau,821,3917,62884,0.062289294574136504,0.013055785255390879
2015,Ticino,1738,7289,96730,0.07535407836245218,0.01796753850925256
2015,Uri,65,449,4144,0.10834942084942085,0.015685328185328185
2015,Valais,1713,6656,75278,0.08841892717659874,0.022755652381837986
2015,Vaud,4646,23969,252322,0.09499369852807127,0.018412980239535196
2015,Zug,506,2834,31643,0.08956167240779951,0.01599089846095503
2015,Zürich,9625,31220,373289,0.08363493164813321,0.025784311887036587
2016,Aargau,3237,9879,158398,0.06236821171984495,0.020435864089193047
2016,Appenzell Ausserrhoden,200,576,8558,0.06730544519747604,0.023369946249123627
2016,Appenzell Innerrhoden,32,136,1734,0.0784313725490196,0.01845444059976932
2016,Basel-Landschaft,990,3434,61742,0.05561854167341518,0.016034466003692786
2016,Basel-Stadt,944,6708,67452,0.09944849670877068,0.013995137282808516
2016,Bern,2111,14069,157464,0.08934740639130213,0.013406238886348626
2016,Fribourg,889,4653,67281,0.06915771168680608,0.013213239993460264
2016,Genève,7350,18243,197215,0.09250310574753441,0.03726897041300104
2016,Glarus,33,573,9307,0.0615665628021919,0.0035457182765660255
2016,Graubünden,530,3654,35921,0.10172322596809666,0.01475460037304084
2016,Jura,237,724,10421,0.06947509835908262,0.022742539103732848
2016,Luzern,1396,6656,71259,0.09340574523919785,0.01959050786567311
2016,Neuchâtel,1253,2859,45551,0.06276481306667252,0.027507628811661654
2016,Nidwalden,79,495,5906,0.0838130714527599,0.013376227565187944
2016,No indication,0,7,0,inf,
2016,Obwalden,68,503,5360,0.09384328358208956,0.012686567164179104
2016,Schaffhausen,339,1410,20172,0.06989886972040452,0.016805472932778107
2016,Schwyz,355,2054,31172,0.06589246759912742,0.011388425510073142
2016,Solothurn,1000,3798,57063,0.06655801482571894,0.017524490475439428
2016,St. Gallen,1847,8131,117353,0.0692866820618135,0.015738839228652015
2016,Switzerland,42937,167407,2048667,0.08171508595589229,0.02095850618963453
2016,Thurgau,925,3925,64766,0.06060278541209894,0.01428218509711886
2016,Ticino,1589,8236,97658,0.08433512871449343,0.01627106842245387
2016,Uri,27,446,4133,0.10791192838132108,0.006532784902008227
2016,Valais,1486,6721,77084,0.0871905972705101,0.019277671112033625
2016,Vaud,7512,24132,259668,0.09293405425389344,0.028929248116826102
2016,Zug,568,2841,32977,0.08615095369499955,0.01722412590593444
2016,Zürich,7940,32544,383052,0.08495974436891075,0.020728256215866252
2017,Aargau,2822,8318,163750,0.050796946564885495,0.01723358778625954
2017,Appenzell Ausserrhoden,104,423,8910,0.047474747474747475,0.011672278338945005
2017,Appenzell Innerrhoden,27,115,1773,0.06486181613085167,0.015228426395939087
2017,Basel-Landschaft,976,2744,63634,0.04312160165949021,0.015337712543608762
2017,Basel-Stadt,1232,5831,69044,0.08445339203985865,0.017843693876368694
2017,Bern,2847,11056,164897,0.0670479147589101,0.017265323201756246
2017,Fribourg,1037,3932,69829,0.05630898337366996,0.014850563519454667
2017,Genève,6026,18295,196883,0.09292320819979379,0.03060701025482139
2017,Glarus,120,564,9497,0.059387174897336,0.012635569127092766
2017,Graubünden,444,3270,36618,0.08930034409306899,0.01212518433557267
2017,Jura,216,548,10651,0.051450568021781995,0.020279785935592903
2017,Luzern,1745,5426,74133,0.07319277514737027,0.02353877490456342
2017,Neuchâtel,1336,2559,45689,0.05600910503622316,0.029241174024382238
2017,Nidwalden,96,499,6035,0.08268434134217068,0.015907207953603977
2017,No indication,0,10,0,inf,
2017,Obwalden,103,387,5486,0.07054320087495443,0.018775063798760483
2017,Schaffhausen,342,1157,20880,0.05541187739463602,0.016379310344827588
2017,Schwyz,405,1945,32266,0.060280171077914835,0.012551912229591521
2017,Solothurn,901,3351,59201,0.05660377358490566,0.01521933751119069
2017,St. Gallen,2002,7053,119723,0.05891098619312914,0.016721933128972712
2017,Switzerland,44949,147142,2101146,0.07002940300198082,0.02139261146060293
2017,Thurgau,831,3587,66331,0.05407727910026986,0.012528078877146432
2017,Ticino,1657,5557,99547,0.055822877635689674,0.01664540367866435
2017,Uri,53,398,4295,0.09266589057043073,0.012339930151338767
2017,Valais,2271,5699,78732,0.07238479906518315,0.028844688309708887
2017,Vaud,7212,22841,263865,0.08656320466905425,0.027332158490137003
2017,Zug,619,2641,34139,0.077360203872404,0.018131755470283253
2017,Zürich,9525,28936,395338,0.07319306517461008,0.024093307498899676
2018,Aargau,2600,8254,167279,0.049342714865583844,0.015542895402291979
2018,Appenzell Ausserrhoden,145,458,8997,0.05090585750805824,0.016116483272201845
2018,Appenzell Innerrhoden,23,105,1834,0.05725190839694656,0.012540894220283533
2018,Basel-Landschaft,787,2674,64680,0.04134199134199134,0.012167594310451453
2018,Basel-Stadt,1073,5924,69761,0.08491850747552357,0.015381086853686157
2018,Bern,2292,10957,166780,0.06569732581844345,0.01374265499460367
2018,Fribourg,805,3863,70932,0.05446061016184515,0.011348897535667963
2018,Genève,5022,17940,198574,0.09034415381671317,0.025290319981467867
2018,Glarus,38,498,9713,0.051271491815093176,0.003912282507978997
2018,Graubünden,544,2982,36903,0.08080643850093489,0.014741348941820448
2018,Jura,230,514,10771,0.047720731594095255,0.021353634760003713
2018,Luzern,1697,5577,74994,0.07436594927594208,0.022628476944822253
2018,Neuchâtel,650,2417,45153,0.053529112129869556,0.014395499745310389
2018,Nidwalden,64,480,6257,0.07671408023014224,0.010228544030685632
2018,No indication,5,38,0,inf,inf
2018,Obwalden,78,377,5519,0.06830947635441204,0.014132995107809385
2018,Schaffhausen,429,1130,21166,0.053387508267976946,0.020268354908816025
2018,Schwyz,338,2079,33171,0.06267522836212354,0.010189623466280787
2018,Solothurn,697,3126,60620,0.05156713955790168,0.011497855493236555
2018,St. Gallen,1991,7091,120931,0.05863674326682158,0.01646393397888052
2018,Switzerland,42493,146183,2126392,0.06874696669287694,0.01998361543873378
2018,Thurgau,1020,3738,67683,0.05522804840210983,0.015070253978103807
2018,Ticino,1478,5827,98587,0.05910515585219146,0.014991834623226187
2018,Uri,54,425,4371,0.09723175474719743,0.012354152367879203
2018,Valais,2117,5421,78381,0.06916216940329926,0.027009096592286397
2018,Vaud,7717,21441,266012,0.08060162699427094,0.029009969475061275
2018,Zug,488,2596,34991,0.07419050613014776,0.013946443371152582
2018,Zürich,10111,30251,402332,0.0751891472714077,0.025130986349581937
2019,Aargau,3499,8300,170424,0.04870206074261841,0.020531145848002627
2019,Appenzell Ausserrhoden,102,431,9014,0.04781451076103838,0.011315731084978922
2019,Appenzell Innerrhoden,14,105,1824,0.05756578947368421,0.007675438596491228
2019,Basel-Landschaft,802,2741,65736,0.04169709139588658,0.012200316417183887
2019,Basel-Stadt,1395,6360,70899,0.08970507341429357,0.019675876951720052
2019,Bern,2125,11143,169070,0.06590761223162003,0.012568758502395458
2019,Fribourg,1179,3906,72360,0.05398009950248756,0.016293532338308457
2019,Genève,5253,17863,199940,0.08934180254076222,0.026272881864559366
2019,Glarus,184,459,9732,0.04716399506781751,0.018906699547883273
2019,Graubünden,387,3142,36982,0.08496025093288627,0.010464550321778163
2019,Jura,174,496,10768,0.04606240713224369,0.016158989598811294
2019,Luzern,1152,5555,75885,0.07320287276800422,0.01518086578375173
2019,Neuchâtel,757,2732,44707,0.061108998590824706,0.016932471425056477
2019,Nidwalden,49,455,6351,0.0716422610612502,0.00771532042198079
2019,No indication,0,28,0,inf,
2019,Obwalden,49,327,5545,0.05897204688908927,0.008836789900811541
2019,Schaffhausen,437,1030,21365,0.04820968874327171,0.020454013573601684
2019,Schwyz,327,1871,34337,0.05448932638261933,0.009523254798031278
2019,Solothurn,883,3136,61795,0.050748442430617366,0.01428918197265151
2019,St. Gallen,1411,7348,122402,0.06003169882845052,0.011527589418473554
2019,Switzerland,41127,145608,2148275,0.06777903201405779,0.019144197088361594
2019,Thurgau,979,3948,68758,0.05741877308822246,0.014238343174612408
2019,Ticino,1462,4589,98227,0.046718315738035365,0.014883891394423122
2019,Uri,81,467,4497,0.10384700911718923,0.01801200800533689
2019,Valais,1438,5421,78076,0.06943234796864593,0.018417951739330907
2019,Vaud,6254,19990,265267,0.0753580354887717,0.02357624582024903
2019,Zug,869,2610,35920,0.07266146993318486,0.024192650334075725
2019,Zürich,9865,31155,408394,0.07628662517079095,0.024155594842235683
2020,Aargau,3254,7886,173495,0.045453759474336435,0.018755583734401567
2020,Appenzell Ausserrhoden,88,445,9126,0.0487617795310103,0.009642778873548105
2020,Appenzell Innerrhoden,12,105,1816,0.05781938325991189,0.006607929515418502
2020,Basel-Landschaft,559,2737,66853,0.04094057110376498,0.008361629246256712
2020,Basel-Stadt,1125,5610,71759,0.07817834696693098,0.015677475996042307
2020,Bern,2790,9305,172285,0.054009344980700584,0.016194096990451868
2020,Fribourg,586,3933,73457,0.05354152769647549,0.007977456198864643
2020,Genève,2698,15132,201436,0.07512063384896443,0.013393832284199448
2020,Glarus,62,499,9825,0.05078880407124682,0.006310432569974555
2020,Graubünden,369,3207,37382,0.08578995238350008,0.00987106093841956
2020,Jura,114,462,10835,0.04263959390862944,0.010521458237194277
2020,Luzern,1186,5171,77612,0.06662629490285008,0.01528114209142916
2020,Neuchâtel,1024,2049,44583,0.045959222125025234,0.022968396025390844
2020,Nidwalden,71,385,6368,0.06045854271356784,0.011149497487437186
2020,No indication,0,15,0,inf,
2020,Obwalden,51,327,5569,0.05871790267552523,0.009157838031962651
2020,Schaffhausen,394,1029,21457,0.047956377872023115,0.018362306007363563
2020,Schwyz,417,1625,35113,0.04627915586819696,0.011875943382792698
2020,Solothurn,623,3087,63143,0.04888902966282882,0.009866493514720555
2020,St. Gallen,1528,7128,124818,0.05710714800749892,0.012241824095883607
2020,Switzerland,34141,137685,2175375,0.06329253576969487,0.01569430557949779
2020,Thurgau,877,3887,70313,0.055281384665709046,0.012472800193420846
2020,Ticino,1584,5609,96858,0.057909517024923085,0.016353837576658613
2020,Uri,62,491,4619,0.10630006494912318,0.013422818791946308
2020,Valais,1105,5897,78022,0.07558124631514189,0.01416267206685294
2020,Vaud,4886,21200,265684,0.07979404104123695,0.018390268138088858
2020,Zug,506,2402,36167,0.06641413443194072,0.013990654464014157
2020,Zürich,8170,28062,416780,0.06733048610777868,0.019602668074283795
2021,Aargau,2346,8338,177057,0.047092179354671096,0.013249970348531828
2021,Appenzell Ausserrhoden,92,403,9174,0.04392849356878134,0.010028340963592761
2021,Appenzell Innerrhoden,19,112,1873,0.0597971169247197,0.01014415376401495
2021,Basel-Landschaft,1035,2379,68565,0.034697002844016625,0.015095165171734851
2021,Basel-Stadt,1279,5385,72584,0.07418990411109887,0.01762096329769646
2021,Bern,2185,10042,173449,0.057895980951172966,0.012597362913594198
2021,Fribourg,1224,4230,75211,0.05624177314488572,0.016274215207881824
2021,Genève,2391,15794,203612,0.07756910201756281,0.011742922813979529
2021,Glarus,123,518,10098,0.051297286591404236,0.01218062982768865
2021,Graubünden,385,3349,38107,0.08788411577925316,0.010103130658409216
2021,Jura,153,460,10969,0.041936366122709456,0.013948400036466406
2021,Luzern,1165,5196,79215,0.0655936375686423,0.014706810578804519
2021,Neuchâtel,622,2544,44223,0.05752662641611831,0.014065079257399995
2021,Nidwalden,66,481,6524,0.0737277743715512,0.010116492949110975
2021,No indication,0,16,0,inf,
2021,Obwalden,48,464,5633,0.0823717379726611,0.008521214273033907
2021,Schaffhausen,291,1102,21840,0.05045787545787546,0.013324175824175824
2021,Schwyz,457,1860,35930,0.05176732535485667,0.012719176175897578
2021,Solothurn,620,3276,64927,0.050456666718006374,0.009549186008902305
2021,St. Gallen,2236,7688,127106,0.06048494956965053,0.01759161644611584
2021,Switzerland,36994,143506,2210788,0.06491169664391158,0.016733400036548055
2021,Thurgau,949,3868,72069,0.05367078771732645,0.013167936283284075
2021,Ticino,1379,5561,96877,0.057402685880033444,0.014234544835203403
2021,Uri,47,509,4746,0.10724820901812052,0.00990307627475769
2021,Valais,958,6881,79523,0.0865284257384656,0.012046829219219598
2021,Vaud,6624,20306,270717,0.07500821891495547,0.02446835625394785
2021,Zug,514,2715,37058,0.07326353284041233,0.013870149495385611
2021,Zürich,9786,30029,423701,0.07087309210976608,0.023096476052688098
2022,Aargau,2875,9043,181561,0.04980695193350995,0.015834898463877155
2022,Appenzell Ausserrhoden,127,578,9217,0.06271020939568189,0.013778886839535641
2022,Appenzell Innerrhoden,2,129,1881,0.0685805422647528,0.001063264221158958
2022,Basel-Landschaft,1117,3017,69310,0.04352907228394171,0.0161160005771173
2022,Basel-Stadt,1543,6414,72164,0.08888088243445486,0.021381852447203593
2022,Bern,3614,12181,175848,0.06927005140803422,0.020551840225649425
2022,Fribourg,676,4885,76790,0.06361505404349525,0.008803229587185832
2022,Genève,3155,18823,206644,0.09108902266700218,0.015267803565552351
2022,Glarus,67,595,10299,0.057772599281483636,0.006505485969511603
2022,Graubünden,440,3940,38856,0.1014000411776817,0.011323862466543133
2022,Jura,157,581,11066,0.05250316284113501,0.014187601662750769
2022,Luzern,1402,6455,81247,0.07944908735091757,0.017256021760803476
2022,Neuchâtel,584,3068,44513,0.068923685215555,0.013119762765933548
2022,Nidwalden,72,679,6814,0.09964778397417083,0.010566480774875257
2022,No indication,0,9,0,inf,
2022,Obwalden,52,613,5812,0.10547143840330352,0.008947006194081212
2022,Schaffhausen,445,1474,22307,0.06607791276280989,0.019948894965705833
2022,Schwyz,518,2232,36834,0.060596188304284086,0.014063093880653743
2022,Solothurn,993,3525,66517,0.05299397146594104,0.01492851451508637
2022,St. Gallen,2012,10373,129434,0.0801412302795247,0.015544601882040267
2022,Switzerland,41486,169055,2244181,0.07533037664965526,0.01848603120693028
2022,Thurgau,765,4866,73489,0.06621399120956878,0.010409721182762045
2022,Ticino,1831,6785,97871,0.06932594946409049,0.018708299700626336
2022,Uri,58,566,4904,0.11541598694942903,0.011827079934747145
2022,Valais,966,7657,82001,0.09337691003768246,0.011780344142144608
2022,Vaud,6563,22732,272521,0.08341375527023606,0.024082547766961077
2022,Zug,838,2851,38025,0.07497698882314267,0.022038132807363577
2022,Zürich,10614,34984,428256,0.08168945677351865,0.024784241201524324
2023,Aargau,2733,16323,186323,0.08760593163484916,0.01466807640495269
2023,Appenzell Ausserrhoden,87,1021,9364,0.10903460059803503,0.009290901324220419
2023,Appenzell Innerrhoden,3,261,1906,0.13693599160545644,0.0015739769150052466
2023,Basel-Landschaft,906,5724,70541,0.08114429906012106,0.012843594505323146
2023,Basel-Stadt,1364,8337,73321,0.11370548683187627,0.018603128708009984
2023,Bern,2825,20558,178776,0.11499306394594352,0.015801897346399963
2023,Fribourg,1203,7579,79290,0.09558582418968344,0.015172152856602346
2023,Genève,4583,24284,210957,0.11511350654398764,0.02172480647714937
2023,Glarus,133,962,10553,0.09115891215768028,0.012603051265043116
2023,Graubünden,415,5340,39852,0.13399578440228846,0.010413530061226538
2023,Jura,161,1126,11243,0.10015120519434315,0.014320021346615672
2023,Luzern,1203,9827,84269,0.11661465070191886,0.014275712302270111
2023,Neuchâtel,590,4595,45243,0.10156267267864642,0.013040691377671684
2023,Nidwalden,70,949,7270,0.13053645116918844,0.009628610729023384
2023,No indication,0,23,0,inf,
2023,Obwalden,70,857,6048,0.14169973544973544,0.011574074074074073
2023,Schaffhausen,334,2254,23148,0.09737342318990841,0.014428892344911008
2023,Schwyz,485,3231,37800,0.08547619047619047,0.012830687830687831
2023,Solothurn,823,5818,68005,0.0855525329019925,0.0121020513197559
2023,St. Gallen,1459,13577,133958,0.1013526627748996,0.010891473446901268
2023,Switzerland,41201,241040,2296023,0.10498152675299856,0.017944506653461225
2023,Thurgau,1258,6780,76017,0.08919057579225699,0.016548929844640015
2023,Ticino,837,9190,99426,0.09243055136483415,0.008418321163478366
2023,Uri,47,898,5093,0.1763204398193599,0.009228352640879638
2023,Valais,1019,12364,84611,0.1461275720650979,0.012043351337296568
2023,Vaud,8947,30778,275659,0.11165244015250726,0.032456767237782916
2023,Zug,812,3321,39034,0.08507967413024543,0.020802377414561663
2023,Zürich,8834,45063,438316,0.10280938866023599,0.02015440914773816
